index,id,kind,component,cx,cy
0,:axis_n_drop_w0_0,WalkingArea,0,2341.1,3750.0
1,:axis_n_drop_w1_0,WalkingArea,0,2358.9,3750.0
2,:axis_w_zip_w0_0,WalkingArea,0,933.8,2344.0
3,:axis_w_zip_w1_0,WalkingArea,0,928.7,2343.1
4,:d_0_0_w0_0,WalkingArea,0,1598.4,1598.4
5,:d_0_0_w1_0,WalkingArea,0,1608.2,1608.2
6,:d_0_1_w0_0,WalkingArea,0,1592.3,1850.0
7,:d_0_1_w1_0,WalkingArea,0,1609.0,1859.0
8,:d_0_1_w2_0,WalkingArea,0,1609.0,1841.0
9,:d_0_2_w0_0,WalkingArea,0,1592.3,2100.0
10,:d_0_2_w1_0,WalkingArea,0,1609.0,2109.0
11,:d_0_2_w2_0,WalkingArea,0,1609.0,2091.0
12,:d_0_3_w0_0,WalkingArea,0,1591.0,2362.5
13,:d_0_3_w1_0,WalkingArea,0,1609.0,2362.3
14,:d_0_3_w2_0,WalkingArea,0,1609.0,2337.8
15,:d_0_3_w3_0,WalkingArea,0,1590.5,2342.2
16,:d_0_4_w0_0,WalkingArea,0,1592.3,2600.0
17,:d_0_4_w1_0,WalkingArea,0,1609.0,2609.0
18,:d_0_4_w2_0,WalkingArea,0,1609.0,2591.0
19,:d_0_5_w0_0,WalkingArea,0,1592.3,2850.0
20,:d_0_5_w1_0,WalkingArea,0,1609.0,2859.0
21,:d_0_5_w2_0,WalkingArea,0,1609.0,2841.0
22,:d_0_6_w0_0,WalkingArea,0,1598.4,3101.6
23,:d_0_6_w1_0,WalkingArea,0,1608.2,3091.8
24,:d_1_0_w0_0,WalkingArea,0,1841.0,1609.0
25,:d_1_0_w1_0,WalkingArea,0,1859.0,1609.0
26,:d_1_0_w2_0,WalkingArea,0,1850.0,1592.3
27,:d_1_1_w0_0,WalkingArea,0,1841.0,1859.0
28,:d_1_1_w1_0,WalkingArea,0,1859.0,1859.0
29,:d_1_1_w2_0,WalkingArea,0,1859.0,1841.0
30,:d_1_1_w3_0,WalkingArea,0,1841.0,1841.0
31,:d_1_2_w0_0,WalkingArea,0,1841.0,2109.0
32,:d_1_2_w1_0,WalkingArea,0,1859.0,2109.0
33,:d_1_2_w2_0,WalkingArea,0,1859.0,2091.0
34,:d_1_2_w3_0,WalkingArea,0,1841.0,2091.0
35,:d_1_3_w0_0,WalkingArea,0,1841.0,2362.2
36,:d_1_3_w1_0,WalkingArea,0,1859.0,2362.2
37,:d_1_3_w2_0,WalkingArea,0,1859.0,2337.8
38,:d_1_3_w3_0,WalkingArea,0,1841.0,2337.8
39,:d_1_4_w0_0,WalkingArea,0,1841.0,2609.0
40,:d_1_4_w1_0,WalkingArea,0,1859.0,2609.0
41,:d_1_4_w2_0,WalkingArea,0,1859.0,2591.0
42,:d_1_4_w3_0,WalkingArea,0,1841.0,2591.0
43,:d_1_5_w0_0,WalkingArea,0,1841.0,2859.0
44,:d_1_5_w1_0,WalkingArea,0,1859.0,2859.0
45,:d_1_5_w2_0,WalkingArea,0,1859.0,2841.0
46,:d_1_5_w3_0,WalkingArea,0,1841.0,2841.0
47,:d_1_6_w0_0,WalkingArea,0,1850.0,3107.7
48,:d_1_6_w1_0,WalkingArea,0,1859.0,3091.0
49,:d_1_6_w2_0,WalkingArea,0,1841.0,3091.0
50,:d_2_0_w0_0,WalkingArea,0,2091.0,1609.0
51,:d_2_0_w1_0,WalkingArea,0,2100.7,1608.6
52,:d_2_0_w2_0,WalkingArea,0,2094.8,1592.3
53,:d_2_1_w0_0,WalkingArea,0,2091.0,1859.0
54,:d_2_1_w1_0,WalkingArea,0,2100.7,1858.6
55,:d_2_1_w2_0,WalkingArea,0,2100.7,1841.4
56,:d_2_1_w3_0,WalkingArea,0,2091.0,1841.0
57,:d_2_2_w0_0,WalkingArea,0,2091.0,2109.0
58,:d_2_2_w1_0,WalkingArea,0,2100.7,2108.6
59,:d_2_2_w2_0,WalkingArea,0,2100.7,2091.4
60,:d_2_2_w3_0,WalkingArea,0,2091.0,2091.0
61,:d_2_3_w0_0,WalkingArea,0,2091.0,2362.2
62,:d_2_3_w1_0,WalkingArea,0,2100.7,2361.8
63,:d_2_3_w2_0,WalkingArea,0,2100.7,2338.2
64,:d_2_3_w3_0,WalkingArea,0,2091.0,2337.8
65,:d_2_4_w0_0,WalkingArea,0,2091.0,2609.0
66,:d_2_4_w1_0,WalkingArea,0,2100.7,2608.6
67,:d_2_4_w2_0,WalkingArea,0,2100.7,2591.4
68,:d_2_4_w3_0,WalkingArea,0,2091.0,2591.0
69,:d_2_5_w0_0,WalkingArea,0,2091.0,2859.0
70,:d_2_5_w1_0,WalkingArea,0,2100.7,2858.6
71,:d_2_5_w2_0,WalkingArea,0,2100.7,2841.4
72,:d_2_5_w3_0,WalkingArea,0,2091.0,2841.0
73,:d_2_6_w0_0,WalkingArea,0,2094.8,3107.7
74,:d_2_6_w1_0,WalkingArea,0,2100.7,3091.4
75,:d_2_6_w2_0,WalkingArea,0,2091.0,3091.0
76,:d_3_0_w0_0,WalkingArea,0,2337.7,1609.0
77,:d_3_0_w1_0,WalkingArea,0,2362.2,1609.0
78,:d_3_0_w2_0,WalkingArea,0,2362.1,1590.8
79,:d_3_0_w3_0,WalkingArea,0,2337.6,1591.0
80,:d_3_1_w0_0,WalkingArea,0,2337.8,1859.0
81,:d_3_1_w1_0,WalkingArea,0,2362.2,1859.0
82,:d_3_1_w2_0,WalkingArea,0,2362.2,1841.0
83,:d_3_1_w3_0,WalkingArea,0,2337.8,1841.0
84,:d_3_2_w0_0,WalkingArea,0,2337.8,2109.0
85,:d_3_2_w1_0,WalkingArea,0,2362.2,2109.0
86,:d_3_2_w2_0,WalkingArea,0,2362.2,2091.0
87,:d_3_2_w3_0,WalkingArea,0,2337.8,2091.0
88,:d_3_3_w0_0,WalkingArea,0,2337.8,2362.2
89,:d_3_3_w1_0,WalkingArea,0,2362.2,2362.2
90,:d_3_3_w2_0,WalkingArea,0,2362.2,2337.8
91,:d_3_3_w3_0,WalkingArea,0,2337.8,2337.8
92,:d_3_4_w0_0,WalkingArea,0,2337.8,2609.0
93,:d_3_4_w1_0,WalkingArea,0,2362.2,2609.0
94,:d_3_4_w2_0,WalkingArea,0,2362.2,2591.0
95,:d_3_4_w3_0,WalkingArea,0,2337.8,2591.0
96,:d_3_5_w0_0,WalkingArea,0,2337.8,2859.0
97,:d_3_5_w1_0,WalkingArea,0,2362.2,2859.0
98,:d_3_5_w2_0,WalkingArea,0,2362.2,2841.0
99,:d_3_5_w3_0,WalkingArea,0,2337.8,2841.0
100,:d_3_6_w0_0,WalkingArea,0,2337.8,3109.0
101,:d_3_6_w1_0,WalkingArea,0,2362.2,3109.0
102,:d_3_6_w2_0,WalkingArea,0,2362.2,3091.0
103,:d_3_6_w3_0,WalkingArea,0,2337.8,3091.0
104,:d_4_0_w0_0,WalkingArea,0,2609.0,1609.0
105,:d_4_0_w1_0,WalkingArea,0,2605.2,1592.3
106,:d_4_0_w2_0,WalkingArea,0,2599.3,1608.6
107,:d_4_1_w0_0,WalkingArea,0,2609.0,1859.0
108,:d_4_1_w1_0,WalkingArea,0,2609.0,1841.0
109,:d_4_1_w2_0,WalkingArea,0,2599.3,1841.4
110,:d_4_1_w3_0,WalkingArea,0,2599.3,1858.6
111,:d_4_2_w0_0,WalkingArea,0,2609.0,2109.0
112,:d_4_2_w1_0,WalkingArea,0,2609.0,2091.0
113,:d_4_2_w2_0,WalkingArea,0,2599.3,2091.4
114,:d_4_2_w3_0,WalkingArea,0,2599.3,2108.6
115,:d_4_3_w0_0,WalkingArea,0,2609.0,2362.2
116,:d_4_3_w1_0,WalkingArea,0,2609.0,2337.8
117,:d_4_3_w2_0,WalkingArea,0,2599.3,2338.2
118,:d_4_3_w3_0,WalkingArea,0,2599.3,2361.8
119,:d_4_4_w0_0,WalkingArea,0,2609.0,2609.0
120,:d_4_4_w1_0,WalkingArea,0,2609.0,2591.0
121,:d_4_4_w2_0,WalkingArea,0,2599.3,2591.4
122,:d_4_4_w3_0,WalkingArea,0,2599.3,2608.6
123,:d_4_5_w0_0,WalkingArea,0,2609.0,2859.0
124,:d_4_5_w1_0,WalkingArea,0,2609.0,2841.0
125,:d_4_5_w2_0,WalkingArea,0,2599.3,2841.4
126,:d_4_5_w3_0,WalkingArea,0,2599.3,2858.6
127,:d_4_6_w0_0,WalkingArea,0,2605.2,3107.7
128,:d_4_6_w1_0,WalkingArea,0,2609.0,3091.0
129,:d_4_6_w2_0,WalkingArea,0,2599.3,3091.4
130,:d_5_0_w0_0,WalkingArea,0,2841.0,1609.0
131,:d_5_0_w1_0,WalkingArea,0,2859.0,1609.0
132,:d_5_0_w2_0,WalkingArea,0,2850.0,1592.3
133,:d_5_1_w0_0,WalkingArea,0,2841.0,1859.0
134,:d_5_1_w1_0,WalkingArea,0,2859.0,1859.0
135,:d_5_1_w2_0,WalkingArea,0,2859.0,1841.0
136,:d_5_1_w3_0,WalkingArea,0,2841.0,1841.0
137,:d_5_2_w0_0,WalkingArea,0,2841.0,2109.0
138,:d_5_2_w1_0,WalkingArea,0,2859.0,2109.0
139,:d_5_2_w2_0,WalkingArea,0,2859.0,2091.0
140,:d_5_2_w3_0,WalkingArea,0,2841.0,2091.0
141,:d_5_3_w0_0,WalkingArea,0,2841.0,2362.2
142,:d_5_3_w1_0,WalkingArea,0,2859.0,2362.2
143,:d_5_3_w2_0,WalkingArea,0,2859.0,2337.8
144,:d_5_3_w3_0,WalkingArea,0,2841.0,2337.8
145,:d_5_4_w0_0,WalkingArea,0,2841.0,2609.0
146,:d_5_4_w1_0,WalkingArea,0,2859.0,2609.0
147,:d_5_4_w2_0,WalkingArea,0,2859.0,2591.0
148,:d_5_4_w3_0,WalkingArea,0,2841.0,2591.0
149,:d_5_5_w0_0,WalkingArea,0,2841.0,2859.0
150,:d_5_5_w1_0,WalkingArea,0,2859.0,2859.0
151,:d_5_5_w2_0,WalkingArea,0,2860.3,2852.3
152,:d_5_5_w3_0,WalkingArea,0,2860.3,2845.4
153,:d_5_5_w4_0,WalkingArea,0,2859.0,2843.2
154,:d_5_5_w5_0,WalkingArea,0,2841.0,2841.0
155,:d_5_6_w0_0,WalkingArea,0,2850.0,3107.7
156,:d_5_6_w1_0,WalkingArea,0,2859.0,3091.0
157,:d_5_6_w2_0,WalkingArea,0,2841.0,3091.0
158,:d_6_0_w0_0,WalkingArea,0,3091.3,1608.7
159,:d_6_0_w1_0,WalkingArea,0,3101.2,1606.8
160,:d_6_0_w2_0,WalkingArea,0,3100.6,1596.7
161,:d_6_1_w0_0,WalkingArea,0,3091.0,1859.0
162,:d_6_1_w1_0,WalkingArea,0,3107.7,1850.0
163,:d_6_1_w2_0,WalkingArea,0,3091.0,1841.0
164,:d_6_2_w0_0,WalkingArea,0,3091.0,2109.0
165,:d_6_2_w1_0,WalkingArea,0,3107.7,2100.0
166,:d_6_2_w2_0,WalkingArea,0,3091.0,2091.0
167,:d_6_3_w0_0,WalkingArea,0,3091.0,2362.2
168,:d_6_3_w1_0,WalkingArea,0,3109.0,2362.2
169,:d_6_3_w2_0,WalkingArea,0,3109.0,2337.8
170,:d_6_3_w3_0,WalkingArea,0,3091.0,2337.8
171,:d_6_4_w0_0,WalkingArea,0,3091.0,2609.0
172,:d_6_4_w1_0,WalkingArea,0,3107.7,2600.0
173,:d_6_4_w2_0,WalkingArea,0,3091.0,2591.0
174,:d_6_5_w0_0,WalkingArea,0,3091.0,2859.0
175,:d_6_5_w1_0,WalkingArea,0,3107.7,2850.0
176,:d_6_5_w2_0,WalkingArea,0,3091.0,2841.0
177,:d_6_6_w0_0,WalkingArea,0,3101.6,3101.6
178,:d_6_6_w1_0,WalkingArea,0,3091.8,3091.8
179,:m_0_0_w0_0,WalkingArea,0,3759.1,3758.9
180,:m_0_0_w1_0,WalkingArea,0,3758.8,3776.1
181,:m_0_0_w2_0,WalkingArea,0,3776.4,3758.6
182,:m_0_1_w0_0,WalkingArea,0,3742.9,4250.0
183,:m_0_1_w1_0,WalkingArea,0,3758.2,4258.2
184,:m_0_1_w2_0,WalkingArea,0,3758.2,4241.8
185,:m_0_2_w0_0,WalkingArea,0,3748.3,4751.7
186,:m_0_2_w1_0,WalkingArea,0,3757.3,4742.7
187,:m_1_0_w0_0,WalkingArea,0,4241.8,3758.2
188,:m_1_0_w1_0,WalkingArea,0,4258.2,3758.2
189,:m_1_0_w2_0,WalkingArea,0,4250.0,3742.9
190,:m_1_2_w0_0,WalkingArea,0,4249.6,4757.2
191,:m_1_2_w1_0,WalkingArea,0,4249.6,4742.8
192,:m_2_0_w0_0,WalkingArea,0,4742.7,3757.3
193,:m_2_0_w1_0,WalkingArea,0,4751.7,3748.3
194,:m_2_1_w0_0,WalkingArea,0,4742.8,4249.6
195,:m_2_1_w1_0,WalkingArea,0,4757.2,4249.6
196,:m_2_2_w0_0,WalkingArea,0,4751.7,4751.7
197,:m_2_2_w1_0,WalkingArea,0,4742.7,4742.7
198,:m_lot_w0_0,WalkingArea,0,4247.7,4257.6
199,:m_lot_w1_0,WalkingArea,0,4257.6,4247.7
200,:m_lot_w2_0,WalkingArea,0,4241.8,4241.8
201,:q_0_0_w0_0,WalkingArea,0,3244.6,2055.3
202,:q_0_0_w1_0,WalkingArea,0,3255.7,2057.2
203,:q_0_0_w2_0,WalkingArea,0,3256.8,2045.2
204,:q_0_1_w0_0,WalkingArea,0,3246.0,2250.1
205,:q_0_1_w1_0,WalkingArea,0,3255.0,2250.1
206,:q_0_2_w0_0,WalkingArea,0,3246.0,2450.1
207,:q_0_2_w1_0,WalkingArea,0,3255.0,2450.1
208,:q_0_3_w0_0,WalkingArea,0,3249.2,2650.8
209,:q_0_3_w1_0,WalkingArea,0,3254.1,2645.9
210,:q_1_0_w0_0,WalkingArea,0,3450.1,2055.0
211,:q_1_0_w1_0,WalkingArea,0,3450.1,2046.0
212,:q_1_1_w0_0,WalkingArea,0,3450.0,2250.0
213,:q_1_2_w0_0,WalkingArea,0,3450.0,2450.0
214,:q_1_3_w0_0,WalkingArea,0,3450.1,2654.0
215,:q_1_3_w1_0,WalkingArea,0,3450.1,2645.0
216,:q_2_0_w0_0,WalkingArea,0,3650.1,2055.0
217,:q_2_0_w1_0,WalkingArea,0,3650.1,2046.0
218,:q_2_1_w0_0,WalkingArea,0,3650.0,2250.0
219,:q_2_2_w0_0,WalkingArea,0,3650.0,2450.0
220,:q_2_3_w0_0,WalkingArea,0,3650.1,2654.0
221,:q_2_3_w1_0,WalkingArea,0,3650.1,2645.0
222,:q_3_0_w0_0,WalkingArea,0,3845.9,2054.1
223,:q_3_0_w1_0,WalkingArea,0,3850.8,2049.2
224,:q_3_1_w0_0,WalkingArea,0,3845.0,2250.1
225,:q_3_1_w1_0,WalkingArea,0,3854.0,2250.1
226,:q_3_2_w0_0,WalkingArea,0,3845.0,2450.1
227,:q_3_2_w1_0,WalkingArea,0,3854.0,2450.1
228,:q_3_3_w0_0,WalkingArea,0,3850.8,2650.8
229,:q_3_3_w1_0,WalkingArea,0,3845.9,2645.9
230,:r_0_0_w0_0,WalkingArea,0,104.5,101.5
231,:r_0_0_w1_0,WalkingArea,0,107.2,114.4
232,:r_0_0_w2_0,WalkingArea,0,112.8,111.6
233,:r_0_0_w3_0,WalkingArea,0,117.8,105.2
234,:r_0_1_w0_0,WalkingArea,0,96.0,400.1
235,:r_0_1_w1_0,WalkingArea,0,105.0,400.1
236,:r_0_2_w0_0,WalkingArea,0,96.1,698.0
237,:r_0_2_w1_0,WalkingArea,0,106.6,705.0
238,:r_0_2_w2_0,WalkingArea,0,107.1,692.9
239,:r_0_3_w0_0,WalkingArea,0,96.1,1000.0
240,:r_0_3_w1_0,WalkingArea,0,105.0,1005.0
241,:r_0_3_w2_0,WalkingArea,0,105.0,995.0
242,:r_0_4_w0_0,WalkingArea,0,96.1,1300.0
243,:r_0_4_w1_0,WalkingArea,0,105.0,1305.0
244,:r_0_4_w2_0,WalkingArea,0,105.0,1295.0
245,:r_0_5_w0_0,WalkingArea,0,99.2,1600.8
246,:r_0_5_w1_0,WalkingArea,0,104.1,1595.9
247,:r_1_0_w0_0,WalkingArea,0,400.1,105.0
248,:r_1_0_w1_0,WalkingArea,0,400.1,96.0
249,:r_1_2_w0_0,WalkingArea,0,395.0,705.0
250,:r_1_2_w1_0,WalkingArea,0,405.0,705.0
251,:r_1_2_w2_0,WalkingArea,0,400.0,695.2
252,:r_1_3_w0_0,WalkingArea,0,395.0,1005.0
253,:r_1_3_w1_0,WalkingArea,0,405.0,1005.0
254,:r_1_3_w2_0,WalkingArea,0,405.0,995.0
255,:r_1_3_w3_0,WalkingArea,0,395.0,995.0
256,:r_1_4_w0_0,WalkingArea,0,395.0,1305.0
257,:r_1_4_w1_0,WalkingArea,0,405.0,1305.0
258,:r_1_4_w2_0,WalkingArea,0,405.0,1295.0
259,:r_1_4_w3_0,WalkingArea,0,395.0,1295.0
260,:r_1_5_w0_0,WalkingArea,0,400.0,1603.9
261,:r_1_5_w1_0,WalkingArea,0,405.0,1595.0
262,:r_1_5_w2_0,WalkingArea,0,395.0,1595.0
263,:r_2_0_w0_0,WalkingArea,0,692.9,107.1
264,:r_2_0_w1_0,WalkingArea,0,705.0,106.6
265,:r_2_0_w2_0,WalkingArea,0,698.0,96.1
266,:r_2_1_w0_0,WalkingArea,0,695.2,400.0
267,:r_2_1_w1_0,WalkingArea,0,705.0,405.0
268,:r_2_1_w2_0,WalkingArea,0,705.0,395.0
269,:r_2_2_w0_0,WalkingArea,0,693.4,705.0
270,:r_2_2_w1_0,WalkingArea,0,705.0,705.0
271,:r_2_2_w2_0,WalkingArea,0,705.0,693.4
272,:r_2_2_w3_0,WalkingArea,0,692.9,692.9
273,:r_2_3_w0_0,WalkingArea,0,695.0,1005.0
274,:r_2_3_w1_0,WalkingArea,0,705.0,1005.0
275,:r_2_3_w2_0,WalkingArea,0,705.0,995.0
276,:r_2_3_w3_0,WalkingArea,0,695.0,995.0
277,:r_2_4_w0_0,WalkingArea,0,695.0,1305.0
278,:r_2_4_w1_0,WalkingArea,0,705.0,1305.0
279,:r_2_4_w2_0,WalkingArea,0,705.0,1295.0
280,:r_2_4_w3_0,WalkingArea,0,695.0,1295.0
281,:r_2_5_w0_0,WalkingArea,0,700.0,1603.9
282,:r_2_5_w1_0,WalkingArea,0,705.0,1595.0
283,:r_2_5_w2_0,WalkingArea,0,695.0,1595.0
284,:r_3_0_w0_0,WalkingArea,0,995.0,105.0
285,:r_3_0_w1_0,WalkingArea,0,1005.0,105.0
286,:r_3_0_w2_0,WalkingArea,0,1000.0,96.1
287,:r_3_1_w0_0,WalkingArea,0,995.0,405.0
288,:r_3_1_w1_0,WalkingArea,0,1005.0,405.0
289,:r_3_1_w2_0,WalkingArea,0,1005.0,395.0
290,:r_3_1_w3_0,WalkingArea,0,1002.3,394.4
291,:r_3_1_w4_0,WalkingArea,0,997.7,394.4
292,:r_3_1_w5_0,WalkingArea,0,995.0,395.0
293,:r_3_2_w0_0,WalkingArea,0,995.0,705.0
294,:r_3_2_w1_0,WalkingArea,0,1005.0,705.0
295,:r_3_2_w2_0,WalkingArea,0,1005.0,695.0
296,:r_3_2_w3_0,WalkingArea,0,995.0,695.0
297,:r_3_3_w0_0,WalkingArea,0,995.0,1005.0
298,:r_3_3_w1_0,WalkingArea,0,1005.0,1005.0
299,:r_3_3_w2_0,WalkingArea,0,1005.0,995.0
300,:r_3_3_w3_0,WalkingArea,0,995.0,995.0
301,:r_3_4_w0_0,WalkingArea,0,995.0,1305.0
302,:r_3_4_w1_0,WalkingArea,0,1005.0,1305.0
303,:r_3_4_w2_0,WalkingArea,0,1005.0,1295.0
304,:r_3_4_w3_0,WalkingArea,0,995.0,1295.0
305,:r_3_5_w0_0,WalkingArea,0,1000.0,1603.9
306,:r_3_5_w1_0,WalkingArea,0,1005.0,1595.0
307,:r_3_5_w2_0,WalkingArea,0,995.0,1595.0
308,:r_4_0_w0_0,WalkingArea,0,1295.0,105.0
309,:r_4_0_w1_0,WalkingArea,0,1305.0,105.0
310,:r_4_0_w2_0,WalkingArea,0,1300.0,96.1
311,:r_4_1_w0_0,WalkingArea,0,1295.0,405.0
312,:r_4_1_w1_0,WalkingArea,0,1305.0,405.0
313,:r_4_1_w2_0,WalkingArea,0,1305.0,395.0
314,:r_4_1_w3_0,WalkingArea,0,1295.0,395.0
315,:r_4_2_w0_0,WalkingArea,0,1295.0,705.0
316,:r_4_2_w1_0,WalkingArea,0,1305.0,705.0
317,:r_4_2_w2_0,WalkingArea,0,1305.0,695.0
318,:r_4_2_w3_0,WalkingArea,0,1295.0,695.0
319,:r_4_3_w0_0,WalkingArea,0,1295.0,1005.0
320,:r_4_3_w1_0,WalkingArea,0,1305.0,1005.0
321,:r_4_3_w2_0,WalkingArea,0,1305.6,1002.3
322,:r_4_3_w3_0,WalkingArea,0,1305.6,997.7
323,:r_4_3_w4_0,WalkingArea,0,1305.0,995.0
324,:r_4_3_w5_0,WalkingArea,0,1295.0,995.0
325,:r_4_4_w0_0,WalkingArea,0,1295.0,1305.0
326,:r_4_4_w1_0,WalkingArea,0,1305.0,1305.0
327,:r_4_4_w2_0,WalkingArea,0,1305.0,1295.0
328,:r_4_4_w3_0,WalkingArea,0,1295.0,1295.0
329,:r_4_5_w0_0,WalkingArea,0,1300.0,1603.9
330,:r_4_5_w1_0,WalkingArea,0,1305.0,1595.0
331,:r_4_5_w2_0,WalkingArea,0,1295.0,1595.0
332,:r_5_0_w0_0,WalkingArea,0,1595.9,104.1
333,:r_5_0_w1_0,WalkingArea,0,1600.8,99.2
334,:r_5_1_w0_0,WalkingArea,0,1595.0,405.0
335,:r_5_1_w1_0,WalkingArea,0,1603.9,400.0
336,:r_5_1_w2_0,WalkingArea,0,1595.0,395.0
337,:r_5_2_w0_0,WalkingArea,0,1595.0,705.0
338,:r_5_2_w1_0,WalkingArea,0,1603.9,700.0
339,:r_5_2_w2_0,WalkingArea,0,1595.0,695.0
340,:r_5_3_w0_0,WalkingArea,0,1594.6,1023.1
341,:r_5_3_w1_0,WalkingArea,0,1603.9,1008.4
342,:r_5_3_w2_0,WalkingArea,0,1595.0,995.0
343,:r_5_3_w3_0,WalkingArea,0,1593.0,1009.2
344,:r_5_4_w0_0,WalkingArea,0,1595.0,1305.0
345,:r_5_4_w1_0,WalkingArea,0,1603.9,1300.0
346,:r_5_4_w2_0,WalkingArea,0,1595.0,1295.0
347,:r_5_5_w0_0,WalkingArea,0,1600.8,1600.8
348,:r_5_5_w1_0,WalkingArea,0,1595.9,1595.9
349,:r_park_hub_w0_0,WalkingArea,0,400.0,400.0
350,:ra_ne_r0_w0_0,WalkingArea,0,4456.6,4449.3
351,:ra_ne_r0_w1_0,WalkingArea,0,4450.6,4438.0
352,:ra_ne_r0_w2_0,WalkingArea,0,4452.8,4461.2
353,:ra_ne_r1_w0_0,WalkingArea,0,4438.6,4466.0
354,:ra_ne_r1_w1_0,WalkingArea,0,4449.3,4462.4
355,:ra_ne_r2_w0_0,WalkingArea,0,4432.0,4439.2
356,:ra_ne_r2_w1_0,WalkingArea,0,4442.7,4422.3
357,:ra_s_r0_w0_0,WalkingArea,0,2369.7,248.5
358,:ra_s_r0_w1_0,WalkingArea,0,2361.4,238.3
359,:ra_s_r0_w2_0,WalkingArea,0,2362.7,260.2
360,:ra_s_r1_w0_0,WalkingArea,0,2358.4,283.0
361,:ra_s_r1_w1_0,WalkingArea,0,2368.7,264.0
362,:ra_s_r2_w0_0,WalkingArea,0,2317.1,258.5
363,:ra_s_r2_w1_0,WalkingArea,0,2337.8,270.5
364,:ra_s_r3_w0_0,WalkingArea,0,2358.4,227.2
365,:ra_s_r3_w1_0,WalkingArea,0,2341.6,227.2
366,:ra_sw_r0_w0_0,WalkingArea,0,269.7,258.6
367,:ra_sw_r0_w1_0,WalkingArea,0,269.7,241.4
368,:ra_sw_r1_w0_0,WalkingArea,0,229.6,271.7
369,:ra_sw_r1_w1_0,WalkingArea,0,249.3,270.3
370,:ra_sw_r2_w0_0,WalkingArea,0,233.2,234.6
371,:ra_sw_r2_w1_0,WalkingArea,0,242.0,224.3
372,:ring_E_w0_0,WalkingArea,0,4462.2,2362.3
373,:ring_E_w1_0,WalkingArea,0,4462.2,2337.8
374,:ring_E_w2_0,WalkingArea,0,4437.8,2337.8
375,:ring_E_w3_0,WalkingArea,0,4437.7,2362.2
376,:ring_NW_w0_0,WalkingArea,0,248.5,4451.5
377,:ring_NW_w1_0,WalkingArea,0,261.4,4438.6
378,:ring_N_w0_0,WalkingArea,0,2337.8,4462.2
379,:ring_N_w1_0,WalkingArea,0,2362.2,4462.2
380,:ring_N_w2_0,WalkingArea,0,2360.3,4437.8
381,:ring_N_w3_0,WalkingArea,0,2339.7,4437.8
382,:ring_SE_w0_0,WalkingArea,0,4438.6,261.5
383,:ring_SE_w1_0,WalkingArea,0,4451.4,248.6
384,:ring_W_w0_0,WalkingArea,0,237.8,2362.4
385,:ring_W_w1_0,WalkingArea,0,262.5,2362.3
386,:ring_W_w2_0,WalkingArea,0,262.2,2341.6
387,:ring_W_w3_0,WalkingArea,0,237.7,2337.8
388,:axis_w_zip_c0_0,Crossing,0,931.1,2341.6
389,:d_0_0_c0_0,Crossing,0,1603.4,1608.1
390,:d_0_1_c0_0,Crossing,0,1603.0,1860.1
391,:d_0_1_c1_0,Crossing,0,1610.0,1849.3
392,:d_0_1_c2_0,Crossing,0,1601.2,1839.9
393,:d_0_2_c0_0,Crossing,0,1603.0,2110.1
394,:d_0_2_c1_0,Crossing,0,1610.0,2099.3
395,:d_0_2_c2_0,Crossing,0,1601.2,2089.9
396,:d_0_3_c0_0,Crossing,0,1600.7,2363.4
397,:d_0_3_c1_0,Crossing,0,1610.0,2348.9
398,:d_0_3_c2_0,Crossing,0,1600.2,2336.9
399,:d_0_3_c3_0,Crossing,0,1589.8,2353.9
400,:d_0_4_c0_0,Crossing,0,1603.0,2610.1
401,:d_0_4_c1_0,Crossing,0,1610.0,2599.3
402,:d_0_4_c2_0,Crossing,0,1601.2,2589.9
403,:d_0_5_c0_0,Crossing,0,1603.0,2860.1
404,:d_0_5_c1_0,Crossing,0,1610.0,2849.3
405,:d_0_5_c2_0,Crossing,0,1601.2,2839.9
406,:d_0_6_c0_0,Crossing,0,1608.2,3095.1
407,:d_1_0_c0_0,Crossing,0,1850.7,1610.0
408,:d_1_0_c1_0,Crossing,0,1860.1,1601.2
409,:d_1_0_c2_0,Crossing,0,1839.9,1603.0
410,:d_1_1_c0_0,Crossing,0,1850.7,1860.0
411,:d_1_1_c1_0,Crossing,0,1860.0,1849.3
412,:d_1_1_c2_0,Crossing,0,1849.3,1840.0
413,:d_1_1_c3_0,Crossing,0,1840.0,1850.7
414,:d_1_2_c0_0,Crossing,0,1850.7,2110.0
415,:d_1_2_c1_0,Crossing,0,1860.0,2099.3
416,:d_1_2_c2_0,Crossing,0,1849.3,2090.0
417,:d_1_2_c3_0,Crossing,0,1840.0,2100.7
418,:d_1_3_c0_0,Crossing,0,1850.7,2363.2
419,:d_1_3_c1_0,Crossing,0,1860.0,2348.9
420,:d_1_3_c2_0,Crossing,0,1849.3,2336.8
421,:d_1_3_c3_0,Crossing,0,1840.0,2351.1
422,:d_1_4_c0_0,Crossing,0,1850.7,2610.0
423,:d_1_4_c1_0,Crossing,0,1860.0,2599.3
424,:d_1_4_c2_0,Crossing,0,1849.3,2590.0
425,:d_1_4_c3_0,Crossing,0,1840.0,2600.7
426,:d_1_5_c0_0,Crossing,0,1850.7,2860.0
427,:d_1_5_c1_0,Crossing,0,1860.0,2849.3
428,:d_1_5_c2_0,Crossing,0,1849.3,2840.0
429,:d_1_5_c3_0,Crossing,0,1840.0,2850.7
430,:d_1_6_c0_0,Crossing,0,1860.1,3097.0
431,:d_1_6_c1_0,Crossing,0,1849.3,3090.0
432,:d_1_6_c2_0,Crossing,0,1839.9,3098.8
433,:d_2_0_c0_0,Crossing,0,2097.0,1610.0
434,:d_2_0_c1_0,Crossing,0,2100.2,1602.6
435,:d_2_0_c2_0,Crossing,0,2089.9,1603.0
436,:d_2_1_c0_0,Crossing,0,2097.0,1860.0
437,:d_2_1_c1_0,Crossing,0,2100.3,1849.5
438,:d_2_1_c2_0,Crossing,0,2096.3,1840.0
439,:d_2_1_c3_0,Crossing,0,2090.0,1850.7
440,:d_2_2_c0_0,Crossing,0,2097.0,2110.0
441,:d_2_2_c1_0,Crossing,0,2100.3,2099.5
442,:d_2_2_c2_0,Crossing,0,2096.3,2090.0
443,:d_2_2_c3_0,Crossing,0,2090.0,2100.7
444,:d_2_3_c0_0,Crossing,0,2097.0,2363.2
445,:d_2_3_c1_0,Crossing,0,2100.3,2349.3
446,:d_2_3_c2_0,Crossing,0,2096.3,2336.8
447,:d_2_3_c3_0,Crossing,0,2090.0,2351.1
448,:d_2_4_c0_0,Crossing,0,2097.0,2610.0
449,:d_2_4_c1_0,Crossing,0,2100.3,2599.5
450,:d_2_4_c2_0,Crossing,0,2096.3,2590.0
451,:d_2_4_c3_0,Crossing,0,2090.0,2600.7
452,:d_2_5_c0_0,Crossing,0,2097.0,2860.0
453,:d_2_5_c1_0,Crossing,0,2100.3,2849.5
454,:d_2_5_c2_0,Crossing,0,2096.3,2840.0
455,:d_2_5_c3_0,Crossing,0,2090.0,2850.7
456,:d_2_6_c0_0,Crossing,0,2100.2,3095.9
457,:d_2_6_c1_0,Crossing,0,2096.3,3090.0
458,:d_2_6_c2_0,Crossing,0,2089.9,3098.8
459,:d_3_0_c0_0,Crossing,0,2351.1,1610.0
460,:d_3_0_c1_0,Crossing,0,2363.1,1599.3
461,:d_3_0_c2_0,Crossing,0,2348.7,1589.9
462,:d_3_0_c3_0,Crossing,0,2336.7,1600.7
463,:d_3_1_c0_0,Crossing,0,2351.1,1860.0
464,:d_3_1_c1_0,Crossing,0,2363.2,1849.3
465,:d_3_1_c2_0,Crossing,0,2348.9,1840.0
466,:d_3_1_c3_0,Crossing,0,2336.8,1850.7
467,:d_3_2_c0_0,Crossing,0,2351.1,2110.0
468,:d_3_2_c1_0,Crossing,0,2363.2,2099.3
469,:d_3_2_c2_0,Crossing,0,2348.9,2090.0
470,:d_3_2_c3_0,Crossing,0,2336.8,2100.7
471,:d_3_3_c0_0,Crossing,0,2351.1,2363.2
472,:d_3_3_c1_0,Crossing,0,2363.2,2348.9
473,:d_3_3_c2_0,Crossing,0,2348.9,2336.8
474,:d_3_3_c3_0,Crossing,0,2336.8,2351.1
475,:d_3_4_c0_0,Crossing,0,2351.1,2610.0
476,:d_3_4_c1_0,Crossing,0,2363.2,2599.3
477,:d_3_4_c2_0,Crossing,0,2348.9,2590.0
478,:d_3_4_c3_0,Crossing,0,2336.8,2600.7
479,:d_3_5_c0_0,Crossing,0,2351.1,2860.0
480,:d_3_5_c1_0,Crossing,0,2363.2,2849.3
481,:d_3_5_c2_0,Crossing,0,2348.9,2840.0
482,:d_3_5_c3_0,Crossing,0,2336.8,2850.7
483,:d_3_6_c0_0,Crossing,0,2351.1,3110.0
484,:d_3_6_c1_0,Crossing,0,2363.2,3099.3
485,:d_3_6_c2_0,Crossing,0,2348.9,3090.0
486,:d_3_6_c3_0,Crossing,0,2336.8,3100.7
487,:d_4_0_c0_0,Crossing,0,2603.7,1610.0
488,:d_4_0_c1_0,Crossing,0,2610.1,1601.2
489,:d_4_0_c2_0,Crossing,0,2599.8,1604.1
490,:d_4_1_c0_0,Crossing,0,2603.7,1860.0
491,:d_4_1_c1_0,Crossing,0,2610.0,1849.3
492,:d_4_1_c2_0,Crossing,0,2603.0,1840.0
493,:d_4_1_c3_0,Crossing,0,2599.7,1850.5
494,:d_4_2_c0_0,Crossing,0,2603.7,2110.0
495,:d_4_2_c1_0,Crossing,0,2610.0,2099.3
496,:d_4_2_c2_0,Crossing,0,2603.0,2090.0
497,:d_4_2_c3_0,Crossing,0,2599.7,2100.5
498,:d_4_3_c0_0,Crossing,0,2603.7,2363.2
499,:d_4_3_c1_0,Crossing,0,2610.0,2348.9
500,:d_4_3_c2_0,Crossing,0,2603.0,2336.8
501,:d_4_3_c3_0,Crossing,0,2599.7,2350.7
502,:d_4_4_c0_0,Crossing,0,2603.7,2610.0
503,:d_4_4_c1_0,Crossing,0,2610.0,2599.3
504,:d_4_4_c2_0,Crossing,0,2603.0,2590.0
505,:d_4_4_c3_0,Crossing,0,2599.7,2600.5
506,:d_4_5_c0_0,Crossing,0,2603.7,2860.0
507,:d_4_5_c1_0,Crossing,0,2610.0,2849.3
508,:d_4_5_c2_0,Crossing,0,2603.0,2840.0
509,:d_4_5_c3_0,Crossing,0,2599.7,2850.5
510,:d_4_6_c0_0,Crossing,0,2610.1,3097.0
511,:d_4_6_c1_0,Crossing,0,2603.0,3090.0
512,:d_4_6_c2_0,Crossing,0,2599.8,3097.4
513,:d_5_0_c0_0,Crossing,0,2850.7,1610.0
514,:d_5_0_c1_0,Crossing,0,2860.1,1601.2
515,:d_5_0_c2_0,Crossing,0,2839.9,1603.0
516,:d_5_1_c0_0,Crossing,0,2850.7,1860.0
517,:d_5_1_c1_0,Crossing,0,2860.0,1849.3
518,:d_5_1_c2_0,Crossing,0,2849.3,1840.0
519,:d_5_1_c3_0,Crossing,0,2840.0,1850.7
520,:d_5_2_c0_0,Crossing,0,2850.7,2110.0
521,:d_5_2_c1_0,Crossing,0,2860.0,2099.3
522,:d_5_2_c2_0,Crossing,0,2849.3,2090.0
523,:d_5_2_c3_0,Crossing,0,2840.0,2100.7
524,:d_5_3_c0_0,Crossing,0,2850.7,2363.2
525,:d_5_3_c1_0,Crossing,0,2860.0,2348.9
526,:d_5_3_c2_0,Crossing,0,2849.3,2336.8
527,:d_5_3_c3_0,Crossing,0,2840.0,2351.1
528,:d_5_4_c0_0,Crossing,0,2850.7,2610.0
529,:d_5_4_c1_0,Crossing,0,2860.0,2599.3
530,:d_5_4_c2_0,Crossing,0,2849.3,2590.0
531,:d_5_4_c3_0,Crossing,0,2840.0,2600.7
532,:d_5_5_c0_0,Crossing,0,2850.7,2860.0
533,:d_5_5_c1_0,Crossing,0,2860.0,2855.1
534,:d_5_5_c2_0,Crossing,0,2860.1,2848.6
535,:d_5_5_c3_0,Crossing,0,2860.5,2847.4
536,:d_5_5_c4_0,Crossing,0,2848.2,2840.0
537,:d_5_5_c5_0,Crossing,0,2840.0,2850.7
538,:d_5_6_c0_0,Crossing,0,2860.1,3097.0
539,:d_5_6_c1_0,Crossing,0,2849.3,3090.0
540,:d_5_6_c2_0,Crossing,0,2839.9,3098.8
541,:d_6_0_c0_0,Crossing,0,3097.2,1606.9
542,:d_6_0_c1_0,Crossing,0,3102.1,1606.4
543,:d_6_0_c2_0,Crossing,0,3089.9,1603.0
544,:d_6_1_c0_0,Crossing,0,3098.8,1860.1
545,:d_6_1_c1_0,Crossing,0,3097.0,1839.9
546,:d_6_1_c2_0,Crossing,0,3090.0,1850.7
547,:d_6_2_c0_0,Crossing,0,3098.8,2110.1
548,:d_6_2_c1_0,Crossing,0,3097.0,2089.9
549,:d_6_2_c2_0,Crossing,0,3090.0,2100.7
550,:d_6_3_c0_0,Crossing,0,3100.7,2363.2
551,:d_6_3_c1_0,Crossing,0,3110.0,2348.9
552,:d_6_3_c2_0,Crossing,0,3099.3,2336.8
553,:d_6_3_c3_0,Crossing,0,3090.0,2351.1
554,:d_6_4_c0_0,Crossing,0,3098.8,2610.1
555,:d_6_4_c1_0,Crossing,0,3097.0,2589.9
556,:d_6_4_c2_0,Crossing,0,3090.0,2600.7
557,:d_6_5_c0_0,Crossing,0,3098.8,2860.1
558,:d_6_5_c1_0,Crossing,0,3097.0,2839.9
559,:d_6_5_c2_0,Crossing,0,3090.0,2850.7
560,:d_6_6_c0_0,Crossing,0,3095.1,3091.8
561,:m_0_0_c0_0,Crossing,0,3752.5,3777.1
562,:m_0_0_c1_0,Crossing,0,3777.6,3750.3
563,:m_0_1_c0_0,Crossing,0,3754.9,4258.2
564,:m_0_1_c1_0,Crossing,0,3758.4,4249.4
565,:m_0_1_c2_0,Crossing,0,3753.7,4241.2
566,:m_0_2_c0_0,Crossing,0,3756.9,4748.1
567,:m_1_0_c0_0,Crossing,0,4250.6,3758.4
568,:m_1_0_c1_0,Crossing,0,4258.8,3753.7
569,:m_1_0_c2_0,Crossing,0,4241.8,3754.9
570,:m_1_2_c0_0,Crossing,0,4250.2,4752.6
571,:m_2_0_c0_0,Crossing,0,4750.0,3751.0
572,:m_2_1_c0_0,Crossing,0,4747.4,4250.2
573,:m_2_2_c0_0,Crossing,0,4748.1,4743.1
574,:m_lot_c0_0,Crossing,0,4255.2,4254.7
575,:m_lot_c1_0,Crossing,0,4246.2,4241.9
576,:m_lot_c2_0,Crossing,0,4241.4,4247.3
577,:q_0_0_c0_0,Crossing,0,3250.5,2060.9
578,:q_0_0_c1_0,Crossing,0,3257.1,2049.0
579,:q_0_0_c2_0,Crossing,0,3250.9,2047.0
580,:q_0_1_c0_0,Crossing,0,3248.7,2253.2
581,:q_0_2_c0_0,Crossing,0,3248.7,2453.2
582,:q_0_3_c0_0,Crossing,0,3253.6,2649.4
583,:q_1_0_c0_0,Crossing,0,3453.1,2049.4
584,:q_1_3_c0_0,Crossing,0,3453.2,2651.3
585,:q_2_0_c0_0,Crossing,0,3653.1,2049.4
586,:q_2_3_c0_0,Crossing,0,3653.2,2651.3
587,:q_3_0_c0_0,Crossing,0,3849.6,2050.5
588,:q_3_1_c0_0,Crossing,0,3850.6,2253.1
589,:q_3_2_c0_0,Crossing,0,3850.6,2453.1
590,:q_3_3_c0_0,Crossing,0,3849.4,2646.4
591,:r_0_0_c0_0,Crossing,0,103.7,112.7
592,:r_0_0_c1_0,Crossing,0,110.8,113.0
593,:r_0_0_c2_0,Crossing,0,114.6,109.3
594,:r_0_0_c3_0,Crossing,0,118.0,100.8
595,:r_0_1_c0_0,Crossing,0,100.6,403.1
596,:r_0_2_c0_0,Crossing,0,102.4,705.2
597,:r_0_2_c1_0,Crossing,0,109.4,699.5
598,:r_0_2_c2_0,Crossing,0,100.2,690.5
599,:r_0_3_c0_0,Crossing,0,102.5,1005.0
600,:r_0_3_c1_0,Crossing,0,105.2,999.8
601,:r_0_3_c2_0,Crossing,0,101.8,995.0
602,:r_0_4_c0_0,Crossing,0,102.5,1305.0
603,:r_0_4_c1_0,Crossing,0,104.8,1299.8
604,:r_0_4_c2_0,Crossing,0,101.8,1295.0
605,:r_0_5_c0_0,Crossing,0,103.6,1599.4
606,:r_1_0_c0_0,Crossing,0,403.1,99.4
607,:r_1_2_c0_0,Crossing,0,400.2,705.2
608,:r_1_2_c1_0,Crossing,0,405.6,702.6
609,:r_1_2_c2_0,Crossing,0,395.0,702.9
610,:r_1_3_c0_0,Crossing,0,400.2,1005.2
611,:r_1_3_c1_0,Crossing,0,405.2,999.8
612,:r_1_3_c2_0,Crossing,0,399.8,994.8
613,:r_1_3_c3_0,Crossing,0,394.8,1000.2
614,:r_1_4_c0_0,Crossing,0,400.2,1305.2
615,:r_1_4_c1_0,Crossing,0,404.8,1299.8
616,:r_1_4_c2_0,Crossing,0,399.8,1294.8
617,:r_1_4_c3_0,Crossing,0,395.2,1300.2
618,:r_1_5_c0_0,Crossing,0,405.0,1597.5
619,:r_1_5_c1_0,Crossing,0,399.8,1594.8
620,:r_1_5_c2_0,Crossing,0,395.0,1598.2
621,:r_2_0_c0_0,Crossing,0,700.4,109.4
622,:r_2_0_c1_0,Crossing,0,705.2,101.7
623,:r_2_0_c2_0,Crossing,0,690.5,101.2
624,:r_2_1_c0_0,Crossing,0,702.9,405.0
625,:r_2_1_c1_0,Crossing,0,705.2,399.8
626,:r_2_1_c2_0,Crossing,0,702.6,394.4
627,:r_2_2_c0_0,Crossing,0,700.5,705.0
628,:r_2_2_c1_0,Crossing,0,705.0,700.0
629,:r_2_2_c2_0,Crossing,0,699.5,690.6
630,:r_2_2_c3_0,Crossing,0,690.6,700.4
631,:r_2_3_c0_0,Crossing,0,700.2,1005.2
632,:r_2_3_c1_0,Crossing,0,705.2,999.8
633,:r_2_3_c2_0,Crossing,0,699.8,994.8
634,:r_2_3_c3_0,Crossing,0,694.8,1000.2
635,:r_2_4_c0_0,Crossing,0,700.2,1305.2
636,:r_2_4_c1_0,Crossing,0,704.8,1299.8
637,:r_2_4_c2_0,Crossing,0,699.8,1294.8
638,:r_2_4_c3_0,Crossing,0,695.2,1300.2
639,:r_2_5_c0_0,Crossing,0,705.0,1597.5
640,:r_2_5_c1_0,Crossing,0,699.8,1594.8
641,:r_2_5_c2_0,Crossing,0,695.0,1598.2
642,:r_3_0_c0_0,Crossing,0,1000.2,105.2
643,:r_3_0_c1_0,Crossing,0,1005.0,101.8
644,:r_3_0_c2_0,Crossing,0,995.0,102.5
645,:r_3_1_c0_0,Crossing,0,1000.2,405.2
646,:r_3_1_c1_0,Crossing,0,1005.2,399.8
647,:r_3_1_c2_0,Crossing,0,1004.6,394.6
648,:r_3_1_c3_0,Crossing,0,999.8,394.6
649,:r_3_1_c4_0,Crossing,0,995.9,394.6
650,:r_3_1_c5_0,Crossing,0,994.8,400.2
651,:r_3_2_c0_0,Crossing,0,1000.2,705.2
652,:r_3_2_c1_0,Crossing,0,1005.2,699.8
653,:r_3_2_c2_0,Crossing,0,999.8,694.8
654,:r_3_2_c3_0,Crossing,0,994.8,700.2
655,:r_3_3_c0_0,Crossing,0,1000.2,1005.2
656,:r_3_3_c1_0,Crossing,0,1005.2,999.8
657,:r_3_3_c2_0,Crossing,0,999.8,994.8
658,:r_3_3_c3_0,Crossing,0,994.8,1000.2
659,:r_3_4_c0_0,Crossing,0,1000.2,1305.2
660,:r_3_4_c1_0,Crossing,0,1004.8,1299.8
661,:r_3_4_c2_0,Crossing,0,999.8,1294.8
662,:r_3_4_c3_0,Crossing,0,995.2,1300.2
663,:r_3_5_c0_0,Crossing,0,1005.0,1597.5
664,:r_3_5_c1_0,Crossing,0,999.8,1594.8
665,:r_3_5_c2_0,Crossing,0,995.0,1598.2
666,:r_4_0_c0_0,Crossing,0,1300.2,104.8
667,:r_4_0_c1_0,Crossing,0,1305.0,101.8
668,:r_4_0_c2_0,Crossing,0,1295.0,102.5
669,:r_4_1_c0_0,Crossing,0,1300.2,404.8
670,:r_4_1_c1_0,Crossing,0,1305.2,399.8
671,:r_4_1_c2_0,Crossing,0,1299.8,395.2
672,:r_4_1_c3_0,Crossing,0,1294.8,400.2
673,:r_4_2_c0_0,Crossing,0,1300.2,704.8
674,:r_4_2_c1_0,Crossing,0,1305.2,699.8
675,:r_4_2_c2_0,Crossing,0,1299.8,695.2
676,:r_4_2_c3_0,Crossing,0,1294.8,700.2
677,:r_4_3_c0_0,Crossing,0,1300.2,1004.8
678,:r_4_3_c1_0,Crossing,0,1305.4,1004.6
679,:r_4_3_c2_0,Crossing,0,1305.4,999.8
680,:r_4_3_c3_0,Crossing,0,1305.4,995.9
681,:r_4_3_c4_0,Crossing,0,1299.8,995.2
682,:r_4_3_c5_0,Crossing,0,1294.8,1000.2
683,:r_4_4_c0_0,Crossing,0,1300.2,1304.8
684,:r_4_4_c1_0,Crossing,0,1304.8,1299.8
685,:r_4_4_c2_0,Crossing,0,1299.8,1295.2
686,:r_4_4_c3_0,Crossing,0,1295.2,1300.2
687,:r_4_5_c0_0,Crossing,0,1305.0,1597.5
688,:r_4_5_c1_0,Crossing,0,1299.8,1595.2
689,:r_4_5_c2_0,Crossing,0,1295.0,1598.2
690,:r_5_0_c0_0,Crossing,0,1599.6,100.5
691,:r_5_1_c0_0,Crossing,0,1598.2,405.0
692,:r_5_1_c1_0,Crossing,0,1597.5,395.0
693,:r_5_1_c2_0,Crossing,0,1594.8,400.2
694,:r_5_2_c0_0,Crossing,0,1598.2,705.0
695,:r_5_2_c1_0,Crossing,0,1597.5,695.0
696,:r_5_2_c2_0,Crossing,0,1594.8,700.2
697,:r_5_3_c0_0,Crossing,0,1598.3,1022.5
698,:r_5_3_c1_0,Crossing,0,1597.5,995.0
699,:r_5_3_c2_0,Crossing,0,1594.9,999.2
700,:r_5_3_c3_0,Crossing,0,1592.2,1021.2
701,:r_5_4_c0_0,Crossing,0,1598.2,1305.0
702,:r_5_4_c1_0,Crossing,0,1597.5,1295.0
703,:r_5_4_c2_0,Crossing,0,1595.2,1300.2
704,:r_5_5_c0_0,Crossing,0,1599.4,1596.4
705,:ra_ne_r0_c0_0,Crossing,0,4452.1,4435.5
706,:ra_ne_r0_c1_0,Crossing,0,4454.9,4462.6
707,:ra_ne_r1_c0_0,Crossing,0,4451.2,4465.2
708,:ra_s_r0_c0_0,Crossing,0,2362.3,235.8
709,:ra_s_r0_c1_0,Crossing,0,2366.5,260.3
710,:ra_sw_r2_c0_0,Crossing,0,235.8,232.1
711,:ring_N_c0_0,Crossing,0,2351.1,4463.2
712,:ring_N_c1_0,Crossing,0,2363.2,4450.2
713,:ring_N_c2_0,Crossing,0,2349.3,4436.8
714,:ring_N_c3_0,Crossing,0,2336.8,4452.6
715,:ring_W_c0_0,Crossing,0,251.1,2363.5
716,:ring_W_c1_0,Crossing,0,263.1,2352.4
717,:ring_W_c2_0,Crossing,0,249.8,2336.5
718,:ring_W_c3_0,Crossing,0,236.8,2351.1
719,e_axis_n_drop_d_3_6_0,SidewalkSegment,0,2338.4,3428.9
720,e_axis_n_drop_ring_N_0,SidewalkSegment,0,2358.4,4094.4
721,e_axis_w_ramp_axis_w_zip_0,SidewalkSegment,0,1100.2,2008.9
722,e_axis_w_zip_d_0_3_0,SidewalkSegment,0,1261.7,2344.8
723,e_d_0_0_d_0_1_0,SidewalkSegment,0,1608.4,1724.2
724,e_d_0_0_d_1_0_0,SidewalkSegment,0,1724.2,1591.6
725,e_d_0_1_d_0_0_0,SidewalkSegment,0,1591.6,1724.2
726,e_d_0_1_d_0_2_0,SidewalkSegment,0,1608.4,1975.0
727,e_d_0_1_d_1_1_0,SidewalkSegment,0,1725.0,1841.6
728,e_d_0_2_d_0_1_0,SidewalkSegment,0,1591.6,1975.0
729,e_d_0_2_d_0_3_0,SidewalkSegment,0,1608.4,2223.4
730,e_d_0_2_d_1_2_0,SidewalkSegment,0,1725.0,2091.6
731,e_d_0_3_d_0_2_0,SidewalkSegment,0,1591.6,2223.4
732,e_d_0_3_d_0_4_0,SidewalkSegment,0,1608.4,2476.8
733,e_d_0_3_d_1_3_0,SidewalkSegment,0,1725.0,2338.4
734,e_d_0_3_ring_W_0,SidewalkSegment,0,926.0,2368.5
735,e_d_0_4_d_0_3_0,SidewalkSegment,0,1591.6,2476.8
736,e_d_0_4_d_0_5_0,SidewalkSegment,0,1608.4,2725.0
737,e_d_0_4_d_1_4_0,SidewalkSegment,0,1725.0,2591.6
738,e_d_0_5_d_0_4_0,SidewalkSegment,0,1591.6,2725.0
739,e_d_0_5_d_0_6_0,SidewalkSegment,0,1608.4,2975.8
740,e_d_0_5_d_1_5_0,SidewalkSegment,0,1725.0,2841.6
741,e_d_0_6_d_0_5_0,SidewalkSegment,0,1591.6,2975.8
742,e_d_0_6_d_1_6_0,SidewalkSegment,0,1724.2,3091.6
743,e_d_1_0_d_0_0_0,SidewalkSegment,0,1724.2,1608.4
744,e_d_1_0_d_1_1_0,SidewalkSegment,0,1858.4,1725.0
745,e_d_1_0_d_2_0_0,SidewalkSegment,0,1975.0,1591.6
746,e_d_1_1_d_0_1_0,SidewalkSegment,0,1725.0,1858.4
747,e_d_1_1_d_1_0_0,SidewalkSegment,0,1841.6,1725.0
748,e_d_1_1_d_1_2_0,SidewalkSegment,0,1858.4,1975.0
749,e_d_1_1_d_2_1_0,SidewalkSegment,0,1975.0,1841.6
750,e_d_1_2_d_0_2_0,SidewalkSegment,0,1725.0,2108.4
751,e_d_1_2_d_1_1_0,SidewalkSegment,0,1841.6,1975.0
752,e_d_1_2_d_1_3_0,SidewalkSegment,0,1858.4,2223.4
753,e_d_1_2_d_2_2_0,SidewalkSegment,0,1975.0,2091.6
754,e_d_1_3_d_0_3_0,SidewalkSegment,0,1725.0,2361.6
755,e_d_1_3_d_1_2_0,SidewalkSegment,0,1841.6,2223.4
756,e_d_1_3_d_1_4_0,SidewalkSegment,0,1858.4,2476.6
757,e_d_1_3_d_2_3_0,SidewalkSegment,0,1975.0,2338.4
758,e_d_1_4_d_0_4_0,SidewalkSegment,0,1725.0,2608.4
759,e_d_1_4_d_1_3_0,SidewalkSegment,0,1841.6,2476.6
760,e_d_1_4_d_1_5_0,SidewalkSegment,0,1858.4,2725.0
761,e_d_1_4_d_2_4_0,SidewalkSegment,0,1975.0,2591.6
762,e_d_1_5_d_0_5_0,SidewalkSegment,0,1725.0,2858.4
763,e_d_1_5_d_1_4_0,SidewalkSegment,0,1841.6,2725.0
764,e_d_1_5_d_1_6_0,SidewalkSegment,0,1858.4,2975.0
765,e_d_1_5_d_2_5_0,SidewalkSegment,0,1975.0,2841.6
766,e_d_1_6_d_0_6_0,SidewalkSegment,0,1724.2,3108.4
767,e_d_1_6_d_1_5_0,SidewalkSegment,0,1841.6,2975.0
768,e_d_1_6_d_2_6_0,SidewalkSegment,0,1975.0,3091.6
769,e_d_2_0_d_1_0_0,SidewalkSegment,0,1975.0,1608.4
770,e_d_2_0_d_3_0_0,SidewalkSegment,0,2218.1,1591.6
771,e_d_2_1_d_1_1_0,SidewalkSegment,0,1975.0,1858.4
772,e_d_2_1_d_2_0_0,SidewalkSegment,0,2091.6,1725.0
773,e_d_2_1_d_3_1_0,SidewalkSegment,0,2218.2,1841.6
774,e_d_2_2_d_1_2_0,SidewalkSegment,0,1975.0,2108.4
775,e_d_2_2_d_2_1_0,SidewalkSegment,0,2091.6,1975.0
776,e_d_2_2_d_3_2_0,SidewalkSegment,0,2218.2,2091.6
777,e_d_2_3_d_1_3_0,SidewalkSegment,0,1975.0,2361.6
778,e_d_2_3_d_2_2_0,SidewalkSegment,0,2091.6,2223.4
779,e_d_2_3_d_3_3_0,SidewalkSegment,0,2218.2,2338.4
780,e_d_2_4_d_1_4_0,SidewalkSegment,0,1975.0,2608.4
781,e_d_2_4_d_2_3_0,SidewalkSegment,0,2091.6,2476.6
782,e_d_2_4_d_3_4_0,SidewalkSegment,0,2218.2,2591.6
783,e_d_2_5_d_1_5_0,SidewalkSegment,0,1975.0,2858.4
784,e_d_2_5_d_2_4_0,SidewalkSegment,0,2091.6,2725.0
785,e_d_2_5_d_3_5_0,SidewalkSegment,0,2218.2,2841.6
786,e_d_2_6_d_1_6_0,SidewalkSegment,0,1975.0,3108.4
787,e_d_2_6_d_2_5_0,SidewalkSegment,0,2091.6,2975.0
788,e_d_2_6_d_3_6_0,SidewalkSegment,0,2218.2,3091.6
789,e_d_3_0_d_2_0_0,SidewalkSegment,0,2218.1,1608.4
790,e_d_3_0_d_3_1_0,SidewalkSegment,0,2361.6,1725.0
791,e_d_3_0_d_4_0_0,SidewalkSegment,0,2481.8,1591.6
792,e_d_3_0_ra_s_r2_0,SidewalkSegment,0,2326.0,930.7
793,e_d_3_1_d_2_1_0,SidewalkSegment,0,2218.2,1858.4
794,e_d_3_1_d_3_0_0,SidewalkSegment,0,2338.4,1725.0
795,e_d_3_1_d_3_2_0,SidewalkSegment,0,2361.6,1975.0
796,e_d_3_1_d_4_1_0,SidewalkSegment,0,2481.8,1841.6
797,e_d_3_2_d_2_2_0,SidewalkSegment,0,2218.2,2108.4
798,e_d_3_2_d_3_1_0,SidewalkSegment,0,2338.4,1975.0
799,e_d_3_2_d_3_3_0,SidewalkSegment,0,2361.6,2223.4
800,e_d_3_2_d_4_2_0,SidewalkSegment,0,2481.8,2091.6
801,e_d_3_3_d_2_3_0,SidewalkSegment,0,2218.2,2361.6
802,e_d_3_3_d_3_2_0,SidewalkSegment,0,2338.4,2223.4
803,e_d_3_3_d_3_4_0,SidewalkSegment,0,2361.6,2476.6
804,e_d_3_3_d_4_3_0,SidewalkSegment,0,2481.8,2338.4
805,e_d_3_4_d_2_4_0,SidewalkSegment,0,2218.2,2608.4
806,e_d_3_4_d_3_3_0,SidewalkSegment,0,2338.4,2476.6
807,e_d_3_4_d_3_5_0,SidewalkSegment,0,2361.6,2725.0
808,e_d_3_4_d_4_4_0,SidewalkSegment,0,2481.8,2591.6
809,e_d_3_5_d_2_5_0,SidewalkSegment,0,2218.2,2858.4
810,e_d_3_5_d_3_4_0,SidewalkSegment,0,2338.4,2725.0
811,e_d_3_5_d_3_6_0,SidewalkSegment,0,2361.6,2975.0
812,e_d_3_5_d_4_5_0,SidewalkSegment,0,2481.8,2841.6
813,e_d_3_6_axis_n_drop_0,SidewalkSegment,0,2361.6,3428.9
814,e_d_3_6_d_2_6_0,SidewalkSegment,0,2218.2,3108.4
815,e_d_3_6_d_3_5_0,SidewalkSegment,0,2338.4,2975.0
816,e_d_3_6_d_4_6_0,SidewalkSegment,0,2481.8,3091.6
817,e_d_4_0_d_3_0_0,SidewalkSegment,0,2481.8,1608.4
818,e_d_4_0_d_4_1_0,SidewalkSegment,0,2608.4,1725.0
819,e_d_4_0_d_5_0_0,SidewalkSegment,0,2725.0,1591.6
820,e_d_4_1_d_3_1_0,SidewalkSegment,0,2481.8,1858.4
821,e_d_4_1_d_4_2_0,SidewalkSegment,0,2608.4,1975.0
822,e_d_4_1_d_5_1_0,SidewalkSegment,0,2725.0,1841.6
823,e_d_4_2_d_3_2_0,SidewalkSegment,0,2481.8,2108.4
824,e_d_4_2_d_4_3_0,SidewalkSegment,0,2608.4,2223.4
825,e_d_4_2_d_5_2_0,SidewalkSegment,0,2725.0,2091.6
826,e_d_4_3_d_3_3_0,SidewalkSegment,0,2481.8,2361.6
827,e_d_4_3_d_4_4_0,SidewalkSegment,0,2608.4,2476.6
828,e_d_4_3_d_5_3_0,SidewalkSegment,0,2725.0,2338.4
829,e_d_4_4_d_3_4_0,SidewalkSegment,0,2481.8,2608.4
830,e_d_4_4_d_4_5_0,SidewalkSegment,0,2608.4,2725.0
831,e_d_4_4_d_5_4_0,SidewalkSegment,0,2725.0,2591.6
832,e_d_4_5_d_3_5_0,SidewalkSegment,0,2481.8,2858.4
833,e_d_4_5_d_4_6_0,SidewalkSegment,0,2608.4,2975.0
834,e_d_4_5_d_5_5_0,SidewalkSegment,0,2725.0,2841.6
835,e_d_4_6_d_3_6_0,SidewalkSegment,0,2481.8,3108.4
836,e_d_4_6_d_5_6_0,SidewalkSegment,0,2725.0,3091.6
837,e_d_5_0_d_4_0_0,SidewalkSegment,0,2725.0,1608.4
838,e_d_5_0_d_5_1_0,SidewalkSegment,0,2858.4,1725.0
839,e_d_5_0_d_6_0_0,SidewalkSegment,0,2975.0,1591.6
840,e_d_5_1_d_4_1_0,SidewalkSegment,0,2725.0,1858.4
841,e_d_5_1_d_5_0_0,SidewalkSegment,0,2841.6,1725.0
842,e_d_5_1_d_5_2_0,SidewalkSegment,0,2858.4,1975.0
843,e_d_5_1_d_6_1_0,SidewalkSegment,0,2975.0,1841.6
844,e_d_5_2_d_4_2_0,SidewalkSegment,0,2725.0,2108.4
845,e_d_5_2_d_5_1_0,SidewalkSegment,0,2841.6,1975.0
846,e_d_5_2_d_5_3_0,SidewalkSegment,0,2858.4,2223.4
847,e_d_5_2_d_6_2_0,SidewalkSegment,0,2975.0,2091.6
848,e_d_5_3_d_4_3_0,SidewalkSegment,0,2725.0,2361.6
849,e_d_5_3_d_5_2_0,SidewalkSegment,0,2841.6,2223.4
850,e_d_5_3_d_5_4_0,SidewalkSegment,0,2858.4,2476.6
851,e_d_5_3_d_6_3_0,SidewalkSegment,0,2975.0,2338.4
852,e_d_5_4_d_4_4_0,SidewalkSegment,0,2725.0,2608.4
853,e_d_5_4_d_5_3_0,SidewalkSegment,0,2841.6,2476.6
854,e_d_5_4_d_5_5_0,SidewalkSegment,0,2858.4,2725.0
855,e_d_5_4_d_6_4_0,SidewalkSegment,0,2975.0,2591.6
856,e_d_5_5_d_4_5_0,SidewalkSegment,0,2725.0,2858.4
857,e_d_5_5_d_5_4_0,SidewalkSegment,0,2841.6,2725.0
858,e_d_5_5_d_5_6_0,SidewalkSegment,0,2858.4,2975.0
859,e_d_5_5_d_6_5_0,SidewalkSegment,0,2975.0,2841.6
860,e_d_5_5_d_garage_stub_0,SidewalkSegment,0,2875.9,2845.8
861,e_d_5_6_d_4_6_0,SidewalkSegment,0,2725.0,3108.4
862,e_d_5_6_d_5_5_0,SidewalkSegment,0,2841.6,2975.0
863,e_d_5_6_d_6_6_0,SidewalkSegment,0,2975.8,3091.6
864,e_d_6_0_d_5_0_0,SidewalkSegment,0,2975.0,1608.4
865,e_d_6_0_d_6_1_0,SidewalkSegment,0,3108.4,1722.1
866,e_d_6_0_q_0_0_0,SidewalkSegment,0,3182.6,1824.4
867,e_d_6_1_d_5_1_0,SidewalkSegment,0,2975.0,1858.4
868,e_d_6_1_d_6_0_0,SidewalkSegment,0,3091.6,1724.7
869,e_d_6_1_d_6_2_0,SidewalkSegment,0,3108.4,1975.0
870,e_d_6_2_d_5_2_0,SidewalkSegment,0,2975.0,2108.4
871,e_d_6_2_d_6_1_0,SidewalkSegment,0,3091.6,1975.0
872,e_d_6_2_d_6_3_0,SidewalkSegment,0,3108.4,2223.4
873,e_d_6_3_d_5_3_0,SidewalkSegment,0,2975.0,2361.6
874,e_d_6_3_d_6_2_0,SidewalkSegment,0,3091.6,2223.4
875,e_d_6_3_d_6_4_0,SidewalkSegment,0,3108.4,2476.6
876,e_d_6_3_ring_E_0,SidewalkSegment,0,3773.4,2338.4
877,e_d_6_4_d_5_4_0,SidewalkSegment,0,2975.0,2608.4
878,e_d_6_4_d_6_3_0,SidewalkSegment,0,3091.6,2476.6
879,e_d_6_4_d_6_5_0,SidewalkSegment,0,3108.4,2725.0
880,e_d_6_5_d_5_5_0,SidewalkSegment,0,2975.0,2858.4
881,e_d_6_5_d_6_4_0,SidewalkSegment,0,3091.6,2725.0
882,e_d_6_5_d_6_6_0,SidewalkSegment,0,3108.4,2975.8
883,e_d_6_6_d_5_6_0,SidewalkSegment,0,2975.8,3108.4
884,e_d_6_6_d_6_5_0,SidewalkSegment,0,3091.6,2975.8
885,e_d_garage_stub_d_5_5_0,SidewalkSegment,0,2875.9,2854.2
886,e_fringe_ring_E_ring_E_0,SidewalkSegment,0,4582.6,2361.6
887,e_fringe_ring_N_ring_N_0,SidewalkSegment,0,2338.4,4582.6
888,e_fringe_ring_S_ra_s_r3_0,SidewalkSegment,0,2361.6,114.9
889,e_fringe_ring_W_ring_W_0,SidewalkSegment,0,117.4,2338.4
890,e_m_0_0_m_0_1_0,SidewalkSegment,0,3757.4,4009.2
891,e_m_0_0_m_1_0_0,SidewalkSegment,0,4009.5,3742.6
892,e_m_0_0_ra_ne_r2_0,SidewalkSegment,0,4111.1,4090.0
893,e_m_0_1_m_0_0_0,SidewalkSegment,0,3742.6,4009.2
894,e_m_0_1_m_0_2_0,SidewalkSegment,0,3757.4,4501.0
895,e_m_0_1_m_lot_0,SidewalkSegment,0,4000.0,4242.6
896,e_m_0_2_m_0_1_0,SidewalkSegment,0,3742.6,4501.0
897,e_m_0_2_m_1_2_0,SidewalkSegment,0,4003.2,4742.6
898,e_m_1_0_m_0_0_0,SidewalkSegment,0,4009.5,3757.4
899,e_m_1_0_m_2_0_0,SidewalkSegment,0,4501.0,3742.6
900,e_m_1_0_m_lot_0,SidewalkSegment,0,4257.4,4000.0
901,e_m_1_2_m_0_2_0,SidewalkSegment,0,4003.2,4757.4
902,e_m_1_2_m_2_2_0,SidewalkSegment,0,4496.8,4742.6
903,e_m_2_0_m_1_0_0,SidewalkSegment,0,4501.0,3757.4
904,e_m_2_0_m_2_1_0,SidewalkSegment,0,4757.4,4003.2
905,e_m_2_1_m_2_0_0,SidewalkSegment,0,4742.6,4003.2
906,e_m_2_1_m_2_2_0,SidewalkSegment,0,4757.4,4496.8
907,e_m_2_2_m_1_2_0,SidewalkSegment,0,4496.8,4757.4
908,e_m_2_2_m_2_1_0,SidewalkSegment,0,4742.6,4496.8
909,e_m_garage_stub_m_lot_0,SidewalkSegment,0,4265.1,4271.0
910,e_m_lot_m_0_1_0,SidewalkSegment,0,4000.0,4257.4
911,e_m_lot_m_1_0_0,SidewalkSegment,0,4242.6,4000.0
912,e_m_lot_m_garage_stub_0,SidewalkSegment,0,4271.0,4265.1
913,e_q_0_0_d_6_0_0,SidewalkSegment,0,3168.5,1829.0
914,e_q_0_0_q_0_1_0,SidewalkSegment,0,3254.2,2154.1
915,e_q_0_0_q_1_0_0,SidewalkSegment,0,3352.2,2045.8
916,e_q_0_1_q_0_0_0,SidewalkSegment,0,3245.8,2154.1
917,e_q_0_1_q_0_2_0,SidewalkSegment,0,3254.2,2350.0
918,e_q_0_1_q_1_1_0,SidewalkSegment,0,3351.0,2248.4
919,e_q_0_2_q_0_1_0,SidewalkSegment,0,3245.8,2350.0
920,e_q_0_2_q_0_3_0,SidewalkSegment,0,3254.2,2549.8
921,e_q_0_2_q_1_2_0,SidewalkSegment,0,3351.0,2448.4
922,e_q_0_3_q_0_2_0,SidewalkSegment,0,3245.8,2549.8
923,e_q_0_3_q_1_3_0,SidewalkSegment,0,3350.2,2645.8
924,e_q_1_0_q_0_0_0,SidewalkSegment,0,3352.2,2054.2
925,e_q_1_0_q_1_1_0,SidewalkSegment,0,3451.6,2151.0
926,e_q_1_0_q_2_0_0,SidewalkSegment,0,3550.0,2045.8
927,e_q_1_1_q_0_1_0,SidewalkSegment,0,3351.0,2251.6
928,e_q_1_1_q_1_0_0,SidewalkSegment,0,3448.4,2151.0
929,e_q_1_1_q_1_2_0,SidewalkSegment,0,3451.6,2350.0
930,e_q_1_1_q_2_1_0,SidewalkSegment,0,3550.0,2248.4
931,e_q_1_2_q_0_2_0,SidewalkSegment,0,3351.0,2451.6
932,e_q_1_2_q_1_1_0,SidewalkSegment,0,3448.4,2350.0
933,e_q_1_2_q_1_3_0,SidewalkSegment,0,3451.6,2549.0
934,e_q_1_2_q_2_2_0,SidewalkSegment,0,3550.0,2448.4
935,e_q_1_3_q_0_3_0,SidewalkSegment,0,3350.2,2654.2
936,e_q_1_3_q_1_2_0,SidewalkSegment,0,3448.4,2549.0
937,e_q_1_3_q_2_3_0,SidewalkSegment,0,3550.0,2645.8
938,e_q_2_0_q_1_0_0,SidewalkSegment,0,3550.0,2054.2
939,e_q_2_0_q_2_1_0,SidewalkSegment,0,3651.6,2151.0
940,e_q_2_0_q_3_0_0,SidewalkSegment,0,3749.8,2045.8
941,e_q_2_1_q_1_1_0,SidewalkSegment,0,3550.0,2251.6
942,e_q_2_1_q_2_0_0,SidewalkSegment,0,3648.4,2151.0
943,e_q_2_1_q_2_2_0,SidewalkSegment,0,3651.6,2350.0
944,e_q_2_1_q_3_1_0,SidewalkSegment,0,3749.0,2248.4
945,e_q_2_2_q_1_2_0,SidewalkSegment,0,3550.0,2451.6
946,e_q_2_2_q_2_1_0,SidewalkSegment,0,3648.4,2350.0
947,e_q_2_2_q_2_3_0,SidewalkSegment,0,3651.6,2549.0
948,e_q_2_2_q_3_2_0,SidewalkSegment,0,3749.0,2448.4
949,e_q_2_3_q_1_3_0,SidewalkSegment,0,3550.0,2654.2
950,e_q_2_3_q_2_2_0,SidewalkSegment,0,3648.4,2549.0
951,e_q_2_3_q_3_3_0,SidewalkSegment,0,3749.8,2645.8
952,e_q_3_0_q_2_0_0,SidewalkSegment,0,3749.8,2054.2
953,e_q_3_0_q_3_1_0,SidewalkSegment,0,3854.2,2150.2
954,e_q_3_1_q_2_1_0,SidewalkSegment,0,3749.0,2251.6
955,e_q_3_1_q_3_0_0,SidewalkSegment,0,3845.8,2150.2
956,e_q_3_1_q_3_2_0,SidewalkSegment,0,3854.2,2350.0
957,e_q_3_2_q_2_2_0,SidewalkSegment,0,3749.0,2451.6
958,e_q_3_2_q_3_1_0,SidewalkSegment,0,3845.8,2350.0
959,e_q_3_2_q_3_3_0,SidewalkSegment,0,3854.2,2549.8
960,e_q_3_3_q_2_3_0,SidewalkSegment,0,3749.8,2654.2
961,e_q_3_3_q_3_2_0,SidewalkSegment,0,3845.8,2549.8
962,e_r_0_0_r_0_1_0,SidewalkSegment,0,104.2,253.5
963,e_r_0_0_r_1_0_0,SidewalkSegment,0,257.6,95.8
964,e_r_0_0_r_park_hub_0,SidewalkSegment,0,254.4,252.2
965,e_r_0_0_ra_sw_r2_0,SidewalkSegment,0,180.3,164.9
966,e_r_0_1_r_0_0_0,SidewalkSegment,0,95.8,253.5
967,e_r_0_1_r_0_2_0,SidewalkSegment,0,104.2,546.7
968,e_r_0_1_r_park_hub_0,SidewalkSegment,0,248.7,398.4
969,e_r_0_2_r_0_1_0,SidewalkSegment,0,95.8,546.7
970,e_r_0_2_r_0_3_0,SidewalkSegment,0,104.2,850.0
971,e_r_0_2_r_1_2_0,SidewalkSegment,0,252.0,695.8
972,e_r_0_2_r_park_hub_0,SidewalkSegment,0,249.9,547.9
973,e_r_0_3_r_0_2_0,SidewalkSegment,0,95.8,850.0
974,e_r_0_3_r_0_4_0,SidewalkSegment,0,104.2,1150.0
975,e_r_0_3_r_1_3_0,SidewalkSegment,0,250.0,995.8
976,e_r_0_4_r_0_3_0,SidewalkSegment,0,95.8,1150.0
977,e_r_0_4_r_0_5_0,SidewalkSegment,0,104.2,1451.0
978,e_r_0_4_r_1_4_0,SidewalkSegment,0,250.0,1295.8
979,e_r_0_5_r_0_4_0,SidewalkSegment,0,95.8,1451.0
980,e_r_0_5_r_1_5_0,SidewalkSegment,0,249.0,1595.8
981,e_r_1_0_r_0_0_0,SidewalkSegment,0,257.6,104.2
982,e_r_1_0_r_2_0_0,SidewalkSegment,0,546.7,95.8
983,e_r_1_0_r_park_hub_0,SidewalkSegment,0,401.6,248.7
984,e_r_1_2_r_0_2_0,SidewalkSegment,0,252.0,704.2
985,e_r_1_2_r_1_3_0,SidewalkSegment,0,404.2,850.0
986,e_r_1_2_r_2_2_0,SidewalkSegment,0,548.0,695.8
987,e_r_1_2_r_park_hub_0,SidewalkSegment,0,398.4,551.3
988,e_r_1_3_r_0_3_0,SidewalkSegment,0,250.0,1004.2
989,e_r_1_3_r_1_2_0,SidewalkSegment,0,395.8,850.0
990,e_r_1_3_r_1_4_0,SidewalkSegment,0,404.2,1150.0
991,e_r_1_3_r_2_3_0,SidewalkSegment,0,550.0,995.8
992,e_r_1_4_r_0_4_0,SidewalkSegment,0,250.0,1304.2
993,e_r_1_4_r_1_3_0,SidewalkSegment,0,395.8,1150.0
994,e_r_1_4_r_1_5_0,SidewalkSegment,0,404.2,1450.0
995,e_r_1_4_r_2_4_0,SidewalkSegment,0,550.0,1295.8
996,e_r_1_5_r_0_5_0,SidewalkSegment,0,249.0,1604.2
997,e_r_1_5_r_1_4_0,SidewalkSegment,0,395.8,1450.0
998,e_r_1_5_r_2_5_0,SidewalkSegment,0,550.0,1595.8
999,e_r_2_0_r_1_0_0,SidewalkSegment,0,546.7,104.2
1000,e_r_2_0_r_2_1_0,SidewalkSegment,0,704.2,252.0
1001,e_r_2_0_r_3_0_0,SidewalkSegment,0,850.0,95.8
1002,e_r_2_0_r_park_hub_0,SidewalkSegment,0,550.1,252.1
1003,e_r_2_1_r_2_0_0,SidewalkSegment,0,695.8,252.0
1004,e_r_2_1_r_2_2_0,SidewalkSegment,0,704.2,548.0
1005,e_r_2_1_r_3_1_0,SidewalkSegment,0,850.0,395.8
1006,e_r_2_1_r_park_hub_0,SidewalkSegment,0,551.3,401.6
1007,e_r_2_2_r_1_2_0,SidewalkSegment,0,548.0,704.2
1008,e_r_2_2_r_2_1_0,SidewalkSegment,0,695.8,548.0
1009,e_r_2_2_r_2_3_0,SidewalkSegment,0,704.2,850.0
1010,e_r_2_2_r_3_2_0,SidewalkSegment,0,850.0,695.8
1011,e_r_2_2_r_park_hub_0,SidewalkSegment,0,547.9,550.1
1012,e_r_2_3_r_1_3_0,SidewalkSegment,0,550.0,1004.2
1013,e_r_2_3_r_2_2_0,SidewalkSegment,0,695.8,850.0
1014,e_r_2_3_r_2_4_0,SidewalkSegment,0,704.2,1150.0
1015,e_r_2_3_r_3_3_0,SidewalkSegment,0,850.0,995.8
1016,e_r_2_4_r_1_4_0,SidewalkSegment,0,550.0,1304.2
1017,e_r_2_4_r_2_3_0,SidewalkSegment,0,695.8,1150.0
1018,e_r_2_4_r_2_5_0,SidewalkSegment,0,704.2,1450.0
1019,e_r_2_4_r_3_4_0,SidewalkSegment,0,850.0,1295.8
1020,e_r_2_5_r_1_5_0,SidewalkSegment,0,550.0,1604.2
1021,e_r_2_5_r_2_4_0,SidewalkSegment,0,695.8,1450.0
1022,e_r_2_5_r_3_5_0,SidewalkSegment,0,850.0,1595.8
1023,e_r_3_0_r_2_0_0,SidewalkSegment,0,850.0,104.2
1024,e_r_3_0_r_3_1_0,SidewalkSegment,0,1004.2,250.0
1025,e_r_3_0_r_4_0_0,SidewalkSegment,0,1150.0,95.8
1026,e_r_3_1_r_2_1_0,SidewalkSegment,0,850.0,404.2
1027,e_r_3_1_r_3_0_0,SidewalkSegment,0,995.8,250.0
1028,e_r_3_1_r_3_2_0,SidewalkSegment,0,1004.2,550.0
1029,e_r_3_1_r_4_1_0,SidewalkSegment,0,1150.0,395.8
1030,e_r_3_1_r_lot0_stub_0,SidewalkSegment,0,995.8,376.4
1031,e_r_3_2_r_2_2_0,SidewalkSegment,0,850.0,704.2
1032,e_r_3_2_r_3_1_0,SidewalkSegment,0,995.8,550.0
1033,e_r_3_2_r_3_3_0,SidewalkSegment,0,1004.2,850.0
1034,e_r_3_2_r_4_2_0,SidewalkSegment,0,1150.0,695.8
1035,e_r_3_3_r_2_3_0,SidewalkSegment,0,850.0,1004.2
1036,e_r_3_3_r_3_2_0,SidewalkSegment,0,995.8,850.0
1037,e_r_3_3_r_3_4_0,SidewalkSegment,0,1004.2,1150.0
1038,e_r_3_3_r_4_3_0,SidewalkSegment,0,1150.0,995.8
1039,e_r_3_4_r_2_4_0,SidewalkSegment,0,850.0,1304.2
1040,e_r_3_4_r_3_3_0,SidewalkSegment,0,995.8,1150.0
1041,e_r_3_4_r_3_5_0,SidewalkSegment,0,1004.2,1450.0
1042,e_r_3_4_r_4_4_0,SidewalkSegment,0,1150.0,1295.8
1043,e_r_3_5_r_2_5_0,SidewalkSegment,0,850.0,1604.2
1044,e_r_3_5_r_3_4_0,SidewalkSegment,0,995.8,1450.0
1045,e_r_3_5_r_4_5_0,SidewalkSegment,0,1150.0,1595.8
1046,e_r_4_0_r_3_0_0,SidewalkSegment,0,1150.0,104.2
1047,e_r_4_0_r_4_1_0,SidewalkSegment,0,1304.2,250.0
1048,e_r_4_0_r_5_0_0,SidewalkSegment,0,1451.0,95.8
1049,e_r_4_1_r_3_1_0,SidewalkSegment,0,1150.0,404.2
1050,e_r_4_1_r_4_0_0,SidewalkSegment,0,1295.8,250.0
1051,e_r_4_1_r_4_2_0,SidewalkSegment,0,1304.2,550.0
1052,e_r_4_1_r_5_1_0,SidewalkSegment,0,1450.0,395.8
1053,e_r_4_2_r_3_2_0,SidewalkSegment,0,1150.0,704.2
1054,e_r_4_2_r_4_1_0,SidewalkSegment,0,1295.8,550.0
1055,e_r_4_2_r_4_3_0,SidewalkSegment,0,1304.2,850.0
1056,e_r_4_2_r_5_2_0,SidewalkSegment,0,1450.0,695.8
1057,e_r_4_3_r_3_3_0,SidewalkSegment,0,1150.0,1004.2
1058,e_r_4_3_r_4_2_0,SidewalkSegment,0,1295.8,850.0
1059,e_r_4_3_r_4_4_0,SidewalkSegment,0,1304.2,1150.0
1060,e_r_4_3_r_5_3_0,SidewalkSegment,0,1450.0,995.8
1061,e_r_4_3_r_lot1_stub_0,SidewalkSegment,0,1323.6,995.8
1062,e_r_4_4_r_3_4_0,SidewalkSegment,0,1150.0,1304.2
1063,e_r_4_4_r_4_3_0,SidewalkSegment,0,1295.8,1150.0
1064,e_r_4_4_r_4_5_0,SidewalkSegment,0,1304.2,1450.0
1065,e_r_4_4_r_5_4_0,SidewalkSegment,0,1450.0,1295.8
1066,e_r_4_5_r_3_5_0,SidewalkSegment,0,1150.0,1604.2
1067,e_r_4_5_r_4_4_0,SidewalkSegment,0,1295.8,1450.0
1068,e_r_4_5_r_5_5_0,SidewalkSegment,0,1451.0,1595.8
1069,e_r_5_0_r_4_0_0,SidewalkSegment,0,1451.0,104.2
1070,e_r_5_0_r_5_1_0,SidewalkSegment,0,1604.2,249.0
1071,e_r_5_1_r_4_1_0,SidewalkSegment,0,1450.0,404.2
1072,e_r_5_1_r_5_0_0,SidewalkSegment,0,1595.8,249.0
1073,e_r_5_1_r_5_2_0,SidewalkSegment,0,1604.2,550.0
1074,e_r_5_2_r_4_2_0,SidewalkSegment,0,1450.0,704.2
1075,e_r_5_2_r_5_1_0,SidewalkSegment,0,1595.8,550.0
1076,e_r_5_2_r_5_3_0,SidewalkSegment,0,1604.2,850.0
1077,e_r_5_3_axis_w_ramp_0,SidewalkSegment,0,1429.6,1350.1
1078,e_r_5_3_r_4_3_0,SidewalkSegment,0,1450.0,1004.2
1079,e_r_5_3_r_5_2_0,SidewalkSegment,0,1595.8,850.0
1080,e_r_5_3_r_5_4_0,SidewalkSegment,0,1604.2,1158.4
1081,e_r_5_4_r_4_4_0,SidewalkSegment,0,1450.0,1304.2
1082,e_r_5_4_r_5_3_0,SidewalkSegment,0,1595.8,1158.4
1083,e_r_5_4_r_5_5_0,SidewalkSegment,0,1604.2,1451.0
1084,e_r_5_5_r_4_5_0,SidewalkSegment,0,1451.0,1604.2
1085,e_r_5_5_r_5_4_0,SidewalkSegment,0,1595.8,1451.0
1086,e_r_lot0_stub_r_3_1_0,SidewalkSegment,0,1004.2,376.4
1087,e_r_lot1_stub_r_4_3_0,SidewalkSegment,0,1323.6,1004.2
1088,e_r_park_hub_r_0_0_0,SidewalkSegment,0,252.2,254.5
1089,e_r_park_hub_r_0_1_0,SidewalkSegment,0,248.7,401.6
1090,e_r_park_hub_r_0_2_0,SidewalkSegment,0,252.1,550.1
1091,e_r_park_hub_r_1_0_0,SidewalkSegment,0,398.4,248.7
1092,e_r_park_hub_r_1_2_0,SidewalkSegment,0,401.6,551.3
1093,e_r_park_hub_r_2_0_0,SidewalkSegment,0,547.9,249.9
1094,e_r_park_hub_r_2_1_0,SidewalkSegment,0,551.3,398.4
1095,e_r_park_hub_r_2_2_0,SidewalkSegment,0,550.1,547.9
1096,e_ra_ne_r0_ra_ne_r1_0,SidewalkSegment,0,4454.5,4466.7
1097,e_ra_ne_r0_ring_N_0,SidewalkSegment,0,3407.5,4461.6
1098,e_ra_ne_r1_ra_ne_r2_0,SidewalkSegment,0,4433.3,4451.7
1099,e_ra_ne_r1_ring_E_0,SidewalkSegment,0,4432.1,3412.4
1100,e_ra_ne_r2_m_0_0_0,SidewalkSegment,0,4094.8,4106.5
1101,e_ra_ne_r2_ra_ne_r0_0,SidewalkSegment,0,4446.6,4428.7
1102,e_ra_s_r0_ra_s_r1_0,SidewalkSegment,0,2367.4,263.5
1103,e_ra_s_r0_ra_sw_r0_0,SidewalkSegment,0,1312.9,261.6
1104,e_ra_s_r1_ra_s_r2_0,SidewalkSegment,0,2343.4,274.3
1105,e_ra_s_r1_ring_SE_0,SidewalkSegment,0,3404.4,250.8
1106,e_ra_s_r2_d_3_0_0,SidewalkSegment,0,2349.2,930.3
1107,e_ra_s_r2_ra_s_r3_0,SidewalkSegment,0,2334.5,234.5
1108,e_ra_s_r3_fringe_ring_S_0,SidewalkSegment,0,2338.4,114.9
1109,e_ra_s_r3_ra_s_r0_0,SidewalkSegment,0,2358.7,227.7
1110,e_ra_sw_r0_ra_s_r0_0,SidewalkSegment,0,1312.9,238.4
1111,e_ra_sw_r0_ra_sw_r1_0,SidewalkSegment,0,262.8,261.9
1112,e_ra_sw_r1_ra_sw_r2_0,SidewalkSegment,0,233.3,253.3
1113,e_ra_sw_r1_ring_W_0,SidewalkSegment,0,255.3,1303.9
1114,e_ra_sw_r2_r_0_0_0,SidewalkSegment,0,170.2,175.7
1115,e_ra_sw_r2_ra_sw_r0_0,SidewalkSegment,0,257.3,234.9
1116,e_ring_E_d_6_3_0,SidewalkSegment,0,3773.4,2361.6
1117,e_ring_E_fringe_ring_E_0,SidewalkSegment,0,4582.6,2338.4
1118,e_ring_E_ra_ne_r1_0,SidewalkSegment,0,4455.3,3412.5
1119,e_ring_E_ring_SE_0,SidewalkSegment,0,4438.4,1299.3
1120,e_ring_NW_ring_N_0,SidewalkSegment,0,1299.2,4438.4
1121,e_ring_NW_ring_W_0,SidewalkSegment,0,238.4,3401.0
1122,e_ring_N_axis_n_drop_0,SidewalkSegment,0,2341.6,4094.4
1123,e_ring_N_fringe_ring_N_0,SidewalkSegment,0,2361.6,4582.6
1124,e_ring_N_ra_ne_r0_0,SidewalkSegment,0,3407.5,4438.4
1125,e_ring_N_ring_NW_0,SidewalkSegment,0,1299.2,4461.6
1126,e_ring_SE_ra_s_r1_0,SidewalkSegment,0,3404.7,274.0
1127,e_ring_SE_ring_E_0,SidewalkSegment,0,4461.6,1299.3
1128,e_ring_W_axis_w_zip_0,SidewalkSegment,0,596.1,2344.8
1129,e_ring_W_fringe_ring_W_0,SidewalkSegment,0,117.4,2361.6
1130,e_ring_W_ra_sw_r1_0,SidewalkSegment,0,232.1,1304.1
1131,e_ring_W_ring_NW_0,SidewalkSegment,0,261.6,3401.0
